Date,News_Title,source
2025-03-07,"Tesla shares have declined every week since Elon Musk went to Washington Tesla's stock has dropped for seven straight weeks, a stretch that dates back to the beginning of Donald Trump's second term in the White House.",CNBC
2025-03-07,"Why Elon Musk may yet prevail in his attempt to block OpenAI’s for-profit conversion A federal judge refused to give Musk an immediate injunction against OpenAI's switcheroo, but threw him a lifeline.",CNBC
2025-03-07,"Tesla stock falls 45% from record high, a 'gut check moment' that has Wall Street bulls doubling down A sharp decline for Tesla stock has one of its biggest supporters on Wall Street defending the company as other analysts have tempered their optimism.",CNBC
2025-03-07,"Tesla stock falls almost 50% from record high, a 'gut check moment' that has Wall Street bulls doubling down",CNBC
2025-03-07,Another Tesla insider is selling shares as carmaker’s CFO joins board chair in unloading stock,CNBC
2025-03-07,Apple cofounder Steve Wozniak says Tesla ‘is the worst in the world’ at improving its technology for drivers,CNBC
2025-03-07,New study makes surprising discovery about Tesla longevity — here's what you need to know The data was collected from vehicle inspections in the United Kingdom.,CNBC
2025-03-07,"Elon muscles his way into agency... Elon muscles his way into agency...

 
 
 
 (Second column, 3rd story, link)

 

 

 
 Related stories:SCARE: FAA Halts Flights After Musk Rocket Explodes and Rains Down Debris...
Miami, Fort Lauderdale, Palm Beach and Orlando airports on delay...
TESLA…",CNBC
2025-03-08,Goodyear Tire's transformation plan is underway — in the sky and on the ground Goodyear Tire & Rubber Co. is facing a rapidly changing business with new technologies and increased competition from low-cost countries such as China.,CNBC
2025-03-08,Tesla (TSLA) Maintains “Buy” Rating as AI and Robotics Drive Growth Potential,CNBC
2025-03-08,'Unprecedented Slide': Tesla Sales Plummet 45% In Europe As Musk's Net Worth Dives $5.2B In A Week,CNBC
2025-03-08,The Cybertruck design disaster is complete as Tesla gets desperate,CNBC
2025-03-08,What would Tesla be worth without Elon Musk?,CNBC
2025-03-09,Analyst Says Data Shows Retail Traders Still Buying Tesla (TSLA) Shares — ‘They’re Not Abandoning’,CNBC
2025-03-09,Dozens protest at Tesla showroom in Portugal ahead of likely snap election,CNBC
2025-03-09,Musk loses billions as Tesla shares get hammered,CNBC
2025-03-09,Elon Musk Thinks Tesla Will Become the World's Most Valuable Company. I Predict Its Stock Will Decline by 50% (or More) Instead.,CNBC
2025-03-09,Tesla facilities across the country attacked in protest of Elon Musk,CNBC
2025-03-10,"DOGE chief Musk says he's running his businesses 'with great difficulty,' as Tesla shares tank",CNBC
2025-03-10,"Tesla shares plunge 14%, head for worst day in five years Tesla continued its downward slide on Monday, with the stock suffering its most dramatic selloff since September 2020.",CNBC
2025-03-10,"Nvidia down 30% from high as tech-led sell-off hits Magnificent Seven The leading chipmaker slumped 5% on Monday, building on last week's losses as heavy selling continued across the tech sector.",CNBC
2025-03-10,Elon Musk's social platform X is down for some users Elon Musk's social media platform X experienced several outages on Monday morning.,CNBC
2025-03-10,CNBC Daily Open: The impact of Trump policies will affect Fed’s interest rate moves U.S. President Donald Trump's policies to reshape the U.S. and its economy are so drastic that the Federal Reserve is taking note.,CNBC
2025-03-10,CNBC Daily Open: The effect of Trump policies will sway Fed’s interest rate moves U.S. President Donald Trump's policies to reshape the U.S. and its economy are so drastic that the Federal Reserve is taking note.,CNBC
2025-03-10,Elon Musk's net worth dropped $29 billion in one day as Tesla stock tanks,CNBC
2025-03-10,Analyst on Tesla (TSLA) Problems: ‘Elon Has Become One of the Most Hated People in the World’,CNBC
2025-03-10,"Morning Bid: Smoldering market volatility set to ignite If this is what U.S. Treasury Secretary Scott Bessent's ""detox"" period for the economy looks like, investors are in for a serious amount of pain.  The Wall...",CNBC
2025-03-10,Elon Musk Freaking Out as Tesla Craters,CNBC
2025-03-10,"Tesla stock tumbles over 15%, wiping out post-election gains as demand worries continue to weigh",CNBC
2025-03-10,"Is Tesla, Inc. (TSLA) The Best EV Stock to Buy According to Billionaires?",CNBC
2025-03-10,Tesla tumbles again as investors bail on Elon Musk's suddenly struggling electric vehicle company,CNBC
2025-03-10,Elon Musk Searching for Mysterious Billionaire Who’s Making Everyone Hate Tesla,CNBC
2025-03-10,"Musk says X hit by major cyberattack Elon Musk said X was hit by a major cyberattack on Monday as outages plagued users of the platform once known as Twitter.""There was (still is) a massive...",CNBC
2025-03-10,Tesla shares plunge as Musk suffers global backlash,CNBC
2025-03-10,"With the stock cut in half, Tesla investors want their CEO back",CNBC
2025-03-10,"Tesla stock tumbles over 9%, wiping out post-election gains as demand worries continue to weigh Tesla shares touched their lowest level since November 4 on Monday.",CNBC
2025-03-10,"Tesla's Rough 2025 Continues: Shares Sink 8% Amid Growing Market Uncertainty Tesla shares drop 8.74% to $239.71 as of 10:28 AM ET, amid protests and analyst downgrades, adding to 2025's 40% decline",CNBC
2025-03-10,"Tesla stock is still a sell after its 40% plunge, UBS warns",CNBC
2025-03-10,"Tesla Stock Erases Post-Election Gains, Among Leading S&P Decliners Monday",CNBC
2025-03-10,"Nvidia, Tesla stocks slide as 'Magnificent 7' names lead markets lower The ""Magnificent Seven"" stocks were at the center of an early sell-off in markets on Monday as investors continue to take risk off the table.",CNBC
2025-03-10,"Nvidia, Tesla slammed as 'Magnificent 7' names lead market lower in Monday washout",CNBC
2025-03-10,"This tech index just broke a big streak as members like Amazon, Nvidia, and Tesla keep dropping",CNBC
2025-03-10,"Elon's EV party over? Elon's EV party over?

 
 
 
 (First column, 5th story, link)

 

 

 
 Related stories:UPDATE: TESLA Protests Escalating...
'Send Musk to Mars'...
Chinese Investors Take Stakes in Companies...",CNBC
2025-03-10,"Nvidia, Tesla, Oracle, Palantir, Airbnb, Coinbase, Doordash: Stocks to watch today",CNBC
2025-03-10,UBS Slashes Tesla Price Target to $225 Amid Delivery Slowdown,CNBC
2025-03-10,"Stock market today: Dow, S&P 500, Nasdaq sink after S&P's worst week since September US stocks looked set to build on losses of over 2% for the major indexes as March's struggles looked to continue.",CNBC
2025-03-10,"Stock market today: Nasdaq, S&P 500 lead losses as market sell-off accelerates US stocks looked set to build on losses of over 2% for the major indexes as March's struggles looked to continue.",CNBC
2025-03-10,"Nvidia, Tesla stocks slip as 'Magnificent 7' names lead markets lower",CNBC
2025-03-10,Futures lower as tariff worries continue; Tesla falls Tesla fell 2.6% after brokerage UBS lowered its forecast for the automaker's first-quarter deliveries and cut its price target on the stock.  In an interview...,CNBC
2025-03-10,Futures lower as tariff worries continue; Tesla falls,CNBC
2025-03-10,"Tesla, Inc. (TSLA): Among The Stocks With At Least $20 Million In Insider Sales Recently",CNBC
2025-03-11,"Reddit rallies after three-day slump as analyst calls selloff 'excessive' Reddit shares rose more than 10% following an analyst note on Tuesday that said the company's shares remain ""extremely attractive.""",CNBC
2025-03-11,"Waymo expands its robotaxi service again, this time to parts of Silicon Valley With the expansion, Waymo will now take passengers around Mountain View, Los Altos, Palo Alto and parts of Sunnyvale, California.",CNBC
2025-03-11,"MORE STOCK LOSSES MORE STOCK LOSSES

 
 
 
 (Main headline, 2nd story, link)

 

 

 
 Related stories:MORE TARIFF CHAOS
BOOM TO BUST IN 20 DAYS
'DON'T PANIC'
TESLA DOOM SPIRAL",CNBC
2025-03-11,"Most of the S&P 500 is already in correction territory as benchmark teeters near milestone As of Monday's close, 366 S&P 500 components or 73% were trading 10% or more below their respective 52-week highs.",CNBC
2025-03-11,Ron Baron says he won’t sell a single personal Tesla share amid the EV play's big decline Billionaire investor Ron Baron is standing by Elon Musk's Tesla amid its dramatic sell-off.,CNBC
2025-03-11,"How Elon Musk's Trump support could hurt — or help — Tesla Elon Musk is both the CEO of the largest U.S. EV maker and the right-hand-man to President Donald Trump. Bears say it's a disaster for Tesla, bulls say a boon.",CNBC
2025-03-11,"Trump says he's buying a Tesla to support Elon Musk and counter 'illegal' boycott of EV maker Trump called Musk, the controversial leader of Tesla and a new government efficiency initiative, a ""truly great American.""",CNBC
2025-03-11,"CNBC Daily Open: U.S. markets tumble as Trump administration dismisses economic fears and stock slump Aiming to boost the economy, U.S. President Donald Trump is firing off a salvo of policies and causing collateral damage within the country’s own borders.",CNBC
2025-03-11,"CNBC Daily Open: U.S. markets slump as Trump dismisses economic fears Aiming to boost the economy, U.S. President Donald Trump is firing off a salvo of policies and causing collateral damage within the country’s own borders.",CNBC
2025-03-11,Musk launches appeal to restore $56 billion Tesla payday,CNBC
2025-03-11,Tesla owners scramble to deal with backlash over the automobile brand — and CEO Elon Musk President Trump said Tuesday that he planned to label violence aimed at Tesla dealerships as domestic terrorism.,CNBC
2025-03-11,"Tesla stock rises after worst day in almost 5 years, as Musk says US production will double",CNBC
2025-03-11,Trump says he will label violence against Tesla dealers domestic terrorism,CNBC
2025-03-11,"Tesla, Inc. (TSLA): ‘Republicans Go Crazy for Him!’ Jim Cramer on Elon Musk’s Impact",CNBC
2025-03-11,Ron Baron's firm sold some Tesla shares — but he plans to keep his,CNBC
2025-03-11,Tesla owners offloading their cars over Elon Musk backlash are in for a nasty surprise A different kind of sticker shock.,CNBC
2025-03-11,Tesla stock rises after worst day in almost 5 years as Morgan Stanley says buy the dip,CNBC
2025-03-11,"Bottom Of The Barrel: Tesla, Ram, Subaru Drivers Are The Worst Stereotypes exist for all kinds of car brands, but a new study using quantitative data concludes Tesla, Ram, and Subaru drivers are the worst in the United...",CNBC
2025-03-11,Amazon stock is trading cheaply on 1 valuation metric after broader stock market rout The sell-off in tech is severe.,CNBC
2025-03-11,"Tesla loses $127 billion in one-day market bloodbath as China car group questions Musk’s pursuit of ‘personal glory’ Tesla shares dropped over 15% on Monday. Chinese EV shares, like BYD and Li Auto, rose in Hong Kong trading.",CNBC
2025-03-11,Morning Bid: Wall Street's epic swoon wipes out Trump bump Wall St's withering stock selloff has now wiped out virtually all post-election gains and risks turning into a momentum-driven rout unless there's some...,CNBC
2025-03-11,Trump says he will buy a 'new Tesla' to show support for Musk,CNBC
2025-03-11,"Tesla shares drop 15%, erasing gains after US election boost",CNBC
2025-03-11,"Tariffs topple stocks, no sign of 'Trump put' U.S. stocks finally caught up overnight with what currency and bond markets have been saying for several weeks: A slowdown is coming.  Tesla shares have...",CNBC
2025-03-11,"Stock Selloff Extends to Asia on Growth Concerns: Markets Wrap (Bloomberg) -- The global selloff in stocks deepened, sending US equity-index futures to fresh lows on concern that tariffs and government spending cuts will...",CNBC
2025-03-12,Asia-Pacific stocks set to rise after soft U.S. inflation report pushes two Wall Street benchmarks up The Nasdaq Composite picked up after the soft inflation report eased concerns about a looming recession and as investors snapped up technology shares.,CNBC
2025-03-12,"Charts indicate Tesla could be ready to rally, Jim Cramer says CNBC's Jim Cramer on Wednesday reviewed analysis from chartist Larry Williams that suggests Tesla's gains could be the start of a rally.",CNBC
2025-03-12,"Fed rate cuts could ward off a serious recession, Jim Cramer says CNBC's Jim Cramer analyzed Wednesday's market action.",CNBC
2025-03-12,Google's DeepMind says it will use AI models to power physical robots Google is taking its DeepMind artificial intelligence technology models into the physical world to power robots.,CNBC
2025-03-12,Tesla investor survey shows 85% believe Elon Musk's politics are having 'negative' or 'extremely negative' impact on company The poll is the latest sign of mounting frustration with the billionaire entrepreneur as he's become a rising politic figure.,CNBC
2025-03-12,Tesla bounces for second day after steepest drop since 2020 The electric vehicle company has shed more than 40% in market value since President Donald Trump took office.,CNBC
2025-03-12,Pony.ai CEO doubts if Tesla can launch its robo-taxi service soon,CNBC
2025-03-12,"Stock market today: Tech rally leads Nasdaq, S&P 500 higher as Tesla, Nvidia surge after cool CPI print Investors are digesting better-than-expected inflation data and bracing for the next move in Trump's escalating trade war.",CNBC
2025-03-12,Musk's Political Role Sparks Investor Concerns as Tesla Stock Struggles,CNBC
2025-03-12,Why Is Tesla (TSLA) Stock Rocketing Higher Today,CNBC
2025-03-12,"J.P.Morgan cuts price target on Tesla shares, brokerage expects lower deliveries There have been reactions toward the brand such as protests at Tesla stores across the U.S. and around the world, sales boycotts, and jettisoning already...",CNBC
2025-03-12,"Tesla US registrations dip 11% in January, the latest sign of demand weakness and consumer backlash",CNBC
2025-03-12,"Tesla, Nvidia and Palantir stock lead a Nasdaq rebound as other chip stocks rise",CNBC
2025-03-12,"TD Cowen Upgrades Tesla, Inc. (TSLA) to Buy, Citing Recent Pullback and Upcoming Catalysts We recently compiled a list of the 10 AI Stocks Trending On Wall Street Right Now. In this article, we are going to take a look at where Tesla, Inc. (NASDAQ:TSLA) stands against the other AI stocks. Determined to lead the AI frontier, China is deploying every…",CNBC
2025-03-12,People Zoomed Into Donald Trump's Tesla Sales Pitch And Can't Believe What They're Seeing,CNBC
2025-03-12,"Tesla stock gains despite worries that fueled recent drop Tesla (TSLA) shares pop, despite some of its recent declines and analyst cuts — most recently, Evercore ISI cutting its delivery estimates and lowering its price target for the stock. Brad Smith and Madison Mills examine Tesla's price action. To watch more ex…",CNBC
2025-03-12,"Goldman Sachs cuts S&P 500 target, citing Maleficent 7 weakness The Magnificent Seven — the group comprised of tech stocks Nvidia (NVDA), Alphabet (GOOG, GOOGL), Tesla (TSLA), Microsoft (MSFT), Amazon (AMZN), Meta...",CNBC
2025-03-12,Tesla CEO Musk Takes Legal Action to Restore His Voided $56B Payday Musk Battles Delaware Court Over $56B Tesla Compensation Ruling,CNBC
2025-03-12,"Elon Musk confidant James Murdoch becomes the latest Tesla insider to sell, cashing in $13 million amid the historic single-day plunge",CNBC
2025-03-12,Even Musk Fans Dash for the Sidelines With Tesla in Freefall,CNBC
2025-03-12,"Analysis-Ominous market signals show more trouble could await US stocks Investors are wary about worrisome market signs, after a steep U.S. stocks selloff that has wiped out more than $4 trillion in value and all of the gains...",CNBC
2025-03-12,"Exclusive-Jaguar Land Rover shelves plan to build EVs at Tata's India plant, sources say Jaguar Land Rover has shelved plans to build electric vehicles at parent company Tata Motor's upcoming $1 billion factory in southern India, four people with...",CNBC
2025-03-12,"Global EV sales soared in February, as China's market kept its growth pace with 76% surge Worldwide sales of electric vehicles (EVs) surged in February, driven mostly by a 76 per cent growth in China even as Europe and the United States erected...",CNBC
2025-03-12,The stock market's sharp drop might have already priced in a 'shallow' recession A swift stock market sell off with the S&P 500 nearing a correction has Wall Street strategists debating if enough bad economic news has been priced in to...,CNBC
2025-03-12,"Ron Baron's firm sold some Tesla shares — but he plans to keep his Investor Ron Baron said his firm trimmed its Tesla stake because he has to ""deal with the critiques of my clientele for how large the positions are.""",CNBC
2025-03-13,"Nvidia’s next chips are named after Vera Rubin, woman who discovered dark matter Nvidia CEO Jensen Huang is expected to reveal details about Rubin, the chipmaker's next AI GPU, on Tuesday at the company's annual GTC conference.",CNBC
2025-03-13,"CNBC Daily Open: Investors soothed by cooler-than-expected inflation in February, even as Trump’s trade war escalates Cooler-than-expected U.S. inflation soothed investors, but U.S. President Donald Trump’s 25% tariffs on steel and aluminum imports have kicked off a tariff war.",CNBC
2025-03-13,More shots fired at Oregon Tesla dealership in ongoing vandalism since Musk began advising Trump,CNBC
2025-03-13,"Marjorie Taylor Greene Wants Tesla Protests Investigated, Presumably Because They're Hurting The Value Of Her Tesla Stock",CNBC
2025-03-13,Tesla raises alarm about Trump tariffs despite Musk’s White House role,CNBC
2025-03-13,"S&P 500 correction in six charts NEW YORK (Reuters) -For the first time in over a year, the U.S. stock market is in a correction.  The benchmark stock index closed down more than 10% from...",CNBC
2025-03-13,Tesla says it can be a target to retaliatory tariffs,CNBC
2025-03-13,"Fed, breaking with practice, has yet to report 2024 financial results The Federal Reserve has broken this year with its long-standing practice of releasing an annual preview of its finances for the preceding year.  The U.S...",CNBC
2025-03-13,"Stock market today: Dow, S&P 500, Nasdaq fall with latest tariff threats, inflation data in focus The risk of government shutdown adds more worry for markets already grappling with Trump's tariff onslaught.",CNBC
2025-03-13,"Apple Shares Are Losing Haven Allure as Headwinds Deter Bulls (Bloomberg) -- For years, investors have talked of Apple Inc. as a potential port of safety in times of market turmoil. That hasn’t been borne out this time ...",CNBC
2025-03-13,"Tesla pins hope on refreshed Model Y to revive stalling sales in China, fend off EV rivals Tesla has received massive orders for its refreshed Model Y SUV in mainland China, a major boost for the US electric vehicle (EV) maker after sales fell...",CNBC
2025-03-13,House Democrat Smacks Down Trump's Double Standard On Protests Amid Tesla Backlash,CNBC
2025-03-14,"David Sacks sold $200 million in crypto-related holdings before taking White House job, ethics memo says The White House memo revealed that AI and Crypto Czar David Sacks divested over $200 million in digital asset-related investments.",CNBC
2025-03-14,STOCKS TRY RALLY The three major averages are all heading for another losing week.,CNBC
2025-03-14,Tesla warns it could face retaliatory tariffs Tesla CEO Elon Musk is a close ally of Trump and has been leading the White House effort to shrink the size of the federal government.,CNBC
2025-03-14,"Chinese battery giant CATL posts annual revenue drop ahead of Hong Kong listing The world's largest electric-vehicle battery maker has filed for a listing in Hong Kong, without disclosing the exact size and timeline.",CNBC
2025-03-14,"Tech's 3-week selloff, led by Tesla, wipes out $2.7 trillion in value from megacaps Wall Street had very different expectations for the tech trade following President Trump's election victory in November.",CNBC
2025-03-14,"Tesla raises concerns over retaliatory tariffs in unsigned letter In a letter addressed to the U.S. Trade Representative, Elon Musk's Tesla warned that retaliatory tariffs could affect production and harm U.S. companies.",CNBC
2025-03-14,"Why Some Tesla Bears Say the Stock Could Lose Nearly Half Its Value, Again",CNBC
2025-03-14,"Wells Fargo Slashes Tesla Target, Warns of More Pain Ahead Wells Fargo warns Tesla could drop another 46% as sales struggle and tariffs loom",CNBC
2025-03-14,Elon Musk’s Tesla reportedly halts Cybertruck deliveries as owners complain of metal sides falling off,CNBC
2025-03-14,Sen. Mark Kelly Says He's Ditching His Tesla Over 'A**hole' Elon Musk,CNBC
2025-03-14,Sen. Ted Cruz on Trump tariffs: I don't want to see big tariffs long-term on Mexico and Canada Texas Republican Sen. Ted Cruz reacts to fresh tariffs from the Trump administration and shares his plan to end taxes on tips.,CNBC
2025-03-14,Tesla warns White House over tariffs in unsigned letter: ‘It’s a polite way to say that the bipolar tariff regime is screwing over Tesla’,CNBC
2025-03-14,"Tesla to Launch Cheaper Model Y in China Amid Growing Competition, Report Says",CNBC
2025-03-14,Tesla rolls out long-awaited Supercharger update to combat growing issue: 'This feature is long overdue',CNBC
2025-03-14,Scientists announce breakthrough that could deliver ultra-futuristic batteries: 'The ... achievement was significant' The study represents a major leap forward in making a clean energy future more accessible.,CNBC
2025-03-14,"Tesla is getting pummeled in the stock market, but Elon Musk’s other companies are having a field day in the secondary market—especially xAI",CNBC
2025-03-14,Futures rise after volatile week; consumer data on tap Concerns are rife that U.S. President Donald Trump's unpredictable tariff threats could stall investment and tip the world's largest economy into a period of...,CNBC
2025-03-14,Fed on tap for tariff-jolted market as investors look for calm NEW YORK (Reuters) -A U.S. stock market rocked by President Donald Trump's back-and-forth on foreign import tariffs faces a Federal Reserve meeting in the...,CNBC
2025-03-14,"Tesla plans cheaper Model Y, self-driving upgrade to put brakes on China sales slide",CNBC
2025-03-14,"Tesla Stock Could Soar 550% to $5 Trillion After Notching Its Worst Day Since 2020, According to a Wall Street Expert",CNBC
2025-03-14,"Meet the Monster Stock That Continues to Crush the Market -- Even Outperforming Top Stocks Such as Tesla, MicroStrategy, and Amazon",CNBC
2025-03-14,"Tesla chair exits operating partner role at Australia's biggest VC firm Tesla chair Robyn Denholm has moved out of her role as operating partner at Australia's biggest venture capital fund, Blackbird VC, people familiar with the ...",CNBC
2025-03-14,Tesla chair exits operating partner role at Australia's biggest VC firm,CNBC
2025-03-14,"Exclusive-Tesla plans Model Y costing at least 20% less to produce to defend China share, sources say",CNBC
2025-03-15,"After Elon Musk’s Delaware exit, state lawmakers weigh bill to overhaul corporate law Delaware lawmakers are considering a bill that aims to make the state attractive to investors and executives.",CNBC
2025-03-15,"OpenAI and Musk agree to fast tracked trial over for-profit shift Billionaire Elon Musk and OpenAI jointly proposed a trial in December, according to a federal court filing on Friday.",CNBC
2025-03-15,UPDATE: Senator Mark Kelly Ditches His TESLA After Musk Calls Him a Traitor...,CNBC
2025-03-15,"Tesla stock bleeds, recession fears — and Bitcoin $200,000: Markets news roundup",CNBC
2025-03-15,"Starship, carrying Tesla's bot, set for Mars by end-2026: Elon Musk Musk suggested in a post on X that human landings could begin as early as 2029, though 2031 was more likely if the initial landings go well.  Musk told...",CNBC
2025-03-15,"OpenAI and Musk agree to fast tracked trial over for-profit shift OpenAI and Elon Musk have agreed to fast-track a trial over OpenAI's for-profit shift, the latest turn in a grudge match between the world's richest person...",CNBC
2025-03-15,"Tesla releases refreshed Model Y in China, preps cheaper version for future: 'You will know after trying it'",CNBC
2025-03-16,"Asia markets live: Stocks set to rise Investors will be parsing through a swathe of data points in China, including industrial production, urban investment, retail sales and urban unemployment rate.",CNBC
2025-03-16,"Could the 'Magnificent Seven' rise from the ashes? Here's why I think it's possible In his Sunday column for Club subscribers, Jim Cramer examines whether large-cap tech stocks could once again act as safe-haven names.",CNBC
2025-03-16,"Trump's war on Biden's climate policy is creating a new form of EV range anxiety EV charging companies are fundamental to adoption of electrical vehicles. As President Trump seeks federal funding cuts for EVs, the industry is under threat.",CNBC
2025-03-16,It may be a good time for investors to look at less risky ways to stay in the stock market Buffer and covered call funds may offer more predictable outcomes for investors amid choppy trading.,CNBC
2025-03-16,'See you in four years': Canada flexes economic muscle as tariff negotiations continue Trump's plans for tariffs and comments about Canada becoming a state has enraged the country's consumers and politicians.,CNBC
2025-03-16,Tesla Stock Has Lost More Than a Third of Its Value in 2025: Time to Buy?,CNBC
2025-03-16,"Tesla (TSLA)’s AI Future in Focus as Analysts Debate Stock Outlook We recently published a list of 12 AI Stocks on Wall Street’s Radar Today. In this article, we are going to take a look at where Tesla, Inc. (NASDAQ:TSLA...",CNBC
2025-03-16,"Is Tesla, Inc. (TSLA) the Best Growth Stock to Invest in for the Next 10 Years?",CNBC
2025-03-16,"A Fed meeting and retail sales data greet a flailing stock market: What to know this week With the stock market on its worst stretch of 2025, investors will be looking for clues on when, or if, the Federal Reserve will cut interest rates further...",CNBC
2025-03-16,"Man Tries to Set Tesla Chargers on Fire, Accidentally Sets Himself on Fire As Well",CNBC
2025-03-16,"I bought a Tesla for its safety and technology. Strangers have mocked me for supporting Elon Musk, but that won't stop me from buying another one.",CNBC
2025-03-17,Stock market today: Live updates The three major averages slid on Tuesday. The declines follow a pair of winning sessions.,CNBC
2025-03-17,"The market heads for back to back gains — plus, rumors hitting our newest stock Every weekday, the Investing Club releases the Homestretch; an actionable afternoon update just in time for the last hour of trading.",CNBC
2025-03-17,"AI that can match humans at any task will be here in five to 10 years, Google DeepMind CEO says Google DeepMind CEO Demis Hassabis said he thinks artificial general intelligence, or AGI, will emerge in the next five or 10 years.",CNBC
2025-03-17,Toronto excludes Tesla from EV incentive due to US trade war,CNBC
2025-03-17,"Tesla, Rivian, Aurora Highlight Tech: Autonomous Opportunities, Analyst Sees 'Attractive Profit Opportunity'",CNBC
2025-03-17,Luminar Shares Soar After Viral Test-Drive Video Featuring Lidar Technology (Bloomberg) -- Luminar Technologies Inc. shares surged on Monday after former NASA scientist Mark Rober test-drove a car equipped with the company’s lidar...,CNBC
2025-03-17,"Tesla beware: Rival BYD unveils ultra-fast chargers, giving its stock a jolt",CNBC
2025-03-17,"Why Tesla stock looks 'extremely' oversold, this top markets technician says",CNBC
2025-03-17,"Is Radware Ltd. (RDWR) the Best Small Cap Tech Stock to Buy Now? We recently published a list of 13 Best Small Cap Tech Stocks to Buy Now. In this article, we are going to take a look at where Radware Ltd. (NASDAQ:RDWR...",CNBC
2025-03-17,"Is Innodata Inc. (INOD) the Best Small Cap Tech Stock to Buy Now? We recently published a list of 13 Best Small Cap Tech Stocks to Buy Now. In this article, we are going to take a look at where Innodata Inc. (NASDAQ:INOD...",CNBC
2025-03-17,Mark Kelly touts new SUV after saying he was ditching Tesla,CNBC
2025-03-17,"Tesla (NasdaqGS:TSLA) Climbs 13% On Rumors Of Potential Deal With Nissan Tesla (NasdaqGS:TSLA) recently experienced a 12.5% increase in its share price over the past week, a move potentially influenced by rumors of Tesla's...",CNBC
2025-03-17,Elon Musk and Sam Altman finally agree on something — when their courtroom showdown should start Elon Musk and Sam Altman have suggested to a judge that a trial to settle their differences over the future of ChatGPT creator OpenAI should begin in...,CNBC
2025-03-17,"Musk Once Said He Doesn't Care If His Tweets Scare Off Buyers—'I'll Say What I Want, And If The Consequence Is Losing Money, So Be It' Elon Musk has always spoken his mind, and when it comes to his tweets, he makes it known he won’t hold back—even if it impacts him and his businesses...",CNBC
2025-03-17,"Elon Musk says his DOGE team works 120 hours a week. If they used all their remaining time for sleep, they still wouldn’t come close to 8 hours a night The world’s richest man is famously a workaholic.",CNBC
2025-03-17,"Multimillionaire musician Will.i.am invested early in Tesla, Twitter, and OpenAI—now he’s betting on Gen Z MIT and Stanford grads for his next investment",CNBC
2025-03-17,Tesla stock records 8 consecutive weeks of losses,CNBC
2025-03-17,"Tesla faces backlash after controversial update leaves owners frustrated: 'The con continues' ""I feel sorry for all the marks that got caught out.""",CNBC
2025-03-17,Tesla launches free trial of assisted driving service in China,CNBC
2025-03-17,"Futures slip on treasury secretary's comments; eyes on upcoming Fed meet In a Sunday interview with NBC, Bessent warned that there are ""no guarantees"" the United States will escape a recession.  His remarks heightened existing...",CNBC
2025-03-17,"Jim Cramer on Tesla (TSLA): “It’s Not Even a Tie! Tesla’s Number Ten!” We recently published a list of Jim Cramer Discusses These 10 Stocks & Says Trump Should Carry A Howitzer And Be Soft. In this article, we are going to take ...",CNBC
2025-03-17,3 retail investors explain why they're sticking with Tesla after its $800 billion wipeout,CNBC
2025-03-18,"Stock market today: Live updates Investors are coming off of a rough Tuesday, which saw the recent market sell-off come back in full force after two winning sessions.",CNBC
2025-03-18,"3 early highlights from CEO Jensen Huang's keynote at Nvidia's big AI conference Every weekday, the Investing Club releases the Homestretch; an actionable afternoon update just in time for the last hour of trading.",CNBC
2025-03-18,"Texas has 'stronger brand than New York' as Wall Street looks south, Gov. Greg Abbott says The Texas governor spoke to CNBC after Nasdaq announced it was opening a regional headquarters in Dallas.",CNBC
2025-03-18,Tesla's China rival Zeekr to roll out advanced driver assistance-system for free Chinese electric car company Zeekr is releasing advanced driver-assistance capabilities to its local customers for free as competition heats up.,CNBC
2025-03-18,"Cadillac expects one of every three vehicle sales to be EVs in 2025 Cadillac expects up to 35% of its U.S. sales this year to be EVs, as it continues to expand its lineup despite industrywide slower-than-expected adoption.",CNBC
2025-03-18,US attorney general calls attacks against Tesla property 'domestic terrorism',CNBC
2025-03-18,The 'Magnificent 7' stocks are having their worst quarter in more than 2 years The Magnificent Seven stocks are having their worst quarter in more than two years — and are dragging down the S&P 500 with them.,CNBC
2025-03-18,"Tesla's $700 Billion Nightmare: Short Sellers Strike Gold as Musk Faces Consumer Revolt A stunning collapse in Tesla's stock, political turmoil, and mass protests--investors are left wondering: is the worst yet to come?",CNBC
2025-03-18,Why Tesla Shares Are Tumbling Today,CNBC
2025-03-18,Tesla Competitor Reveals Electric Car That Can Charge in Five Minutes,CNBC
2025-03-18,"Tesla stock falls again as Chinese rivals BYD, Xiaomi, and XPeng announce new updates",CNBC
2025-03-18,China's BYD promises 5-minute car recharging in new threat to Tesla,CNBC
2025-03-18,Tesla short sellers land a $16.2bn payday on stock plunge as rival BYD hits record high on world’s fastest EV recharging tech,CNBC
2025-03-18,These Cars Are Even Uglier Than The New Tesla Model Y,CNBC
2025-03-18,"‘Molotov cocktails and firearms’ used in targeted attack at Tesla center in Las Vegas, police say",CNBC
2025-03-18,"Nasdaq to open Texas headquarters as companies flock to the state The state's favorable tax climate, lower cost of living, and reduced energy costs have attracted a surge of companies to the Lone Star State, including Elon ...",CNBC
2025-03-18,"Morning Bid: US stocks stabilise as Europe keeps surging Meanwhile, global stocks pushed higher on European stimulus bets.  Today, I'll take a look at the Bank of England, one of the big central banks meeting this ...",CNBC
2025-03-18,"Leaked report reveals shocking downfall for Tesla — here's what's driving the drop in sales ""Tesla sales have been declining worldwide, especially in Europe.""",CNBC
2025-03-18,BMW unveils stunning new EV with next-level range capabilities: 'Finally catching up to Tesla',CNBC
2025-03-18,Mercedes takes biggest swing yet at Elon Musk’s Tesla as it unveils new CLA with 492-mile range,CNBC
2025-03-18,"Xiaomi Raises 2025 EV Delivery Target to 350,000 Units (Bloomberg) -- Xiaomi Corp. raised its full-year delivery target of electric vehicles to 350,000 units as the company is venturing into the nascent field to ...",CNBC
2025-03-18,"China's BYD launches EV charging system it says works nearly as fast as a fill up China’s energy and auto giant BYD has announced an ultra fast EV charging system that it says is nearly as quick as a fill up at the pumps.  BYD, China's...",CNBC
2025-03-18,"Explainer-Why are Chinese automakers like BYD launching fast-charging EV systems? China's BYD has unveiled a megawatt charging system that it says can charge an EV as quickly as filling up a fuel tank, and said it will build a network...",CNBC
2025-03-19,DOGE doxx site maps 'Musk World' as Trump AG threatens Tesla vandals with federal charges Tesla CEO Elon Musk spent hundreds of millions to help President Donald Trump win a second term. His electric vehicle maker is paying a price for that.,CNBC
2025-03-19,"Meta's potential exit from Delaware had governor worried enough to call special weekend meetings As Delaware lawmakers debate a bill that could dramatically alter the state's corporate law, Meta and CEO Mark Zuckerberg have a lot at stake in the outcome.",CNBC
2025-03-19,"CNBC Daily Open: Investors grow pessimistic about the market as stocks resume sliding Wall Street is in a dour mood, according to the March editions of the Bank of America’s Global Fund Manager Survey and the CNBC Fed Survey.",CNBC
2025-03-19,"China markets are set to outperform Wall Street as U.S. 'exceptionalism' comes to a pause Chinese markets' rally has been gaining steam, and market watchers are expecting it to outperform its American counterparts as U.S. exceptionalism sputters.",CNBC
2025-03-19,Tesla gets first in a series of permits it needs to run robotaxis in California Tesla has received the first in a series of approvals from California to launch a promised robotaxi service in the state.,CNBC
2025-03-19,"CNBC Daily Open: The mood on Wall Street is grim as stocks slide Wall Street is in a dour mood, according to the March edition of both the Bank of America’s Global Fund Manager Survey and CNBC Fed Survey.",CNBC
2025-03-19,"Tesla (TSLA): “It’s Not About Where You Bought, It’s About Where It’s Going” – Jim Cramer We recently published a list of Jim Cramer Put These 10 Stocks Under the Spotlight. In this article, we are going to take a look at where Tesla, Inc...",CNBC
2025-03-19,Leveraged Tesla ETFs Make Big Moves Amid Epic TSLA Stock Skid,CNBC
2025-03-19,Tesla Fans Furious at Video of Tesla Crashing Into Wall Painted Like Road,CNBC
2025-03-19,"Tesla Just Got Banned--And That's Only the Beginning Protests, plunging sales, and an FBI investigation--Tesla's latest crisis is spiraling fast. Here's what investors need to know.",CNBC
2025-03-19,Stock market today: Wall Street rises ahead of Fed announcement U.S. stock indexes are rising Wednesday as Wall Street waits to hear what the Federal Reserve will say in the afternoon about where interest rates may be...,CNBC
2025-03-19,"Tesla Upgraded by Cantor Fitzgerald on Autonomous Driving, AI Strength Cantor Fitzgerald upgraded Tesla to Overweight from Neutral, citing an attractive buying opportunity.",CNBC
2025-03-19,"Wall Street's Boldest Bets: Tesla, Nvidia, and Texas Instruments Set for a Massive Rebound",CNBC
2025-03-19,Saudi Aramco-backed Cognite taps India in AI expansion bet Saudi Aramco-backed industrial software firm Cognite on Wednesday opened its AI services center in the southern Indian city of Bengaluru and said it was...,CNBC
2025-03-19,Futures edge higher as investors await Fed decision Focus will be on new economic projections from policymakers that will give an idea of how they feel U.S. President Donald Trump's trade and immigration...,CNBC
2025-03-19,"I'm a Tesla investor and I've got millions in the company. I think Elon Musk is key to Tesla's success, but it can endure without him.",CNBC
2025-03-19,Delaware's status as corporate capital might be on the line in a fight over shareholder lawsuits Delaware is trying to protect its status as the corporate capital of the world amid fallout from a judge's rejection of billionaire Elon Musk ’s landmark...,CNBC
2025-03-19,"Vancouver International Auto Show removes Tesla, citing safety concerns at event Tesla has been removed from participating in this week’s Vancouver International Auto Show over safety concerns, the event’s executive director said Tuesday....",CNBC
2025-03-19,"Tencent AI Plans Seen as Key for Further China Tech Stock Gains (Bloomberg) -- With Alibaba Group Holding Ltd. grabbing the spotlight of investor attention over China’s success in artificial intelligence, Tencent Holdings...",CNBC
2025-03-20,"Tesla owners are trading in their EVs at record levels, Edmunds says Data from Edmunds shows that Tesla owners have been trading in their vehicles at record levels since CEO Elon Musk joined Trump's White House.",CNBC
2025-03-20,"Trump AG highlights three Tesla arson cases, adding to White House defense of Musk's company Tesla and SpaceX boss Elon Musk, the world's richest man, donated more than $250 million toward President Trump's successful presidential campaign.",CNBC
2025-03-20,"'Buy Tesla,' Commerce chief Lutnick urges as Musk leads DOGE for Trump administration President Trump last week opened the White House lawn to become a Tesla showroom, with Elon Musk showing him a Cybertruck and other electric vehicles.",CNBC
2025-03-20,"Tesla to recall 46,000 Cybertrucks, citing exterior panel that can increase 'risk of crash' Tesla is recalling more than 46,000 of its Cybertrucks, citing issues with a cosmetic exterior trim panel.",CNBC
2025-03-20,Jim Cramer's top 10 things to watch in the stock market Thursday Wall Street was heading for a lower open today after Wednesday's Fed-driven rally.,CNBC
2025-03-20,Tesla makes largest ever Cybertruck recall,CNBC
2025-03-20,"Rocked! Trump losing in court as AOC dunks, voters revolt, markets slide, Tesla crashes",CNBC
2025-03-20,"TRADE-INS ON PACE FOR RECORD TRADE-INS ON PACE FOR RECORD

 
 
 
 (Main headline, 2nd story, link)

 

 

 
 Related stories:FEDS TRY TO RESCUE TESLA!
DEATH PENALTY FOR VANDALS?",CNBC
2025-03-20,Exclusive-Tesla trade-ins on pace for record high amid Musk backlash,CNBC
2025-03-20,3 people face federal charges in Tesla arson attacks in U.S. as 80 more vehicles at Canada dealership are damaged,CNBC
2025-03-20,"Exclusive-GM, Hyundai in talks to share pickups and electric vans in North America, sources say Hyundai Motor and General Motors are close to finalizing a deal for Hyundai to share two electric commercial van models with the U.S. auto giant, according...",CNBC
2025-03-20,"Tesla removed from Vancouver International Auto Show on safety concerns ""The Vancouver International Auto Show has removed Tesla as a participant in this week's event, after the automaker was provided multiple opportunities to...",CNBC
2025-03-20,Short-sellers have made $15 billion betting against Tesla and Nvidia in 2025,CNBC
2025-03-20,Elon Musk’s Tesla recalls every single Cybertruck ever delivered to fix stainless steel panels which have been coming loose and falling off,CNBC
2025-03-20,"Tesla Reportedly Can't Find $1.4 Billion, But We're Sure It's Fine",CNBC
2025-03-20,"Tesla (TSLA) Partners with Baidu to Boost Self-Driving AI We recently published a list of 10 AI Stocks to Keep on Your Radar. In this article, we are going to take a look at where Tesla, Inc. (NASDAQ:TSLA) stands...",CNBC
2025-03-20,Tesla stock: Why this Wall Street analyst still thinks Elon Musk's EV maker could nearly rise 90%,CNBC
2025-03-20,Hedge Funds Burned by Tesla Short Bets Plot Next Steps,CNBC
2025-03-20,Tesla removed from Vancouver International Auto Show due to safety concerns,CNBC
2025-03-20,Sean Hannity promotes new Tesla as ‘greatest car ever invented’,CNBC
2025-03-21,"Social Security's Lee Dudek raises concerns following judge's restraining order A federal judge's order may require the agency to terminate access for all employees to its IT systems, acting commissioner Lee Dudek reportedly told Bloomberg.",CNBC
2025-03-21,"Elon Musk tells Tesla employees 'hang onto your stock,' urges vandals to 'stop being psycho' In an all-hands  livestreamed meeting on Thursday night, Tesla CEO Elon Musk commented on some of protests and instances of vandalism the company has faced.",CNBC
2025-03-21,"The Magnificent 7's lousy year, by the numbers It's been a painful year so far for megacap technology giants and 2025 is only getting started.",CNBC
2025-03-21,"Jim Cramer's top 10 things to watch in the stock market Friday Wall Street was heading for a lower open, with the Nasdaq down for the week and the S&P 500 on the bubble.",CNBC
2025-03-21,Elon Musk received court summons in SEC suit over failure to properly disclose Twitter stake Elon Musk received a summons in connection with the SEC's lawsuit over his alleged failure to properly disclose his Twitter stake before buying the company.,CNBC
2025-03-21,Legal experts say Trump official broke law by saying 'Buy Tesla' stock but don't expect a crackdown,CNBC
2025-03-21,"EV Stocks Soared This Week, but Tesla Lags Competitors",CNBC
2025-03-21,Musk Urges Confidence as Tesla Navigates Protests and Delivery Uncertainty,CNBC
2025-03-21,"After the Justice Department charged three people with vandalizing Tesla property, the president floated sending the accused to prisons in El Salvador",CNBC
2025-03-21,Tesla Trade-Ins Rise as Brand Sentiment Slips Amid Political Backlash,CNBC
2025-03-21,"It's Been a Brutal Week for Tesla, Says Rakesh",CNBC
2025-03-21,"Organizers behind ‘Tesla Takedown’ protests aren’t backing down despite pressure from Trump: ‘Our goal is to bankrupt Elon Musk’ Protests against Tesla have erupted around the world, sending the EV maker’s stock plummeting, tanking car sales, and angering investors.",CNBC
2025-03-21,"Crypto Comeback? Treasury U-Turn on Tornado Cash Shocks Markets Sanctions lifted, regulators pivot--what it means for crypto, Tesla (TSLA), and the future of digital finance.",CNBC
2025-03-21,Rep. Marjorie Taylor Greene accuses Rep. Jasmine Crockett of ‘terrorism’ for participating in online Tesla Takedown event,CNBC
2025-03-21,"Elon Musk calls for prosecutions of Pentagon staff who leaked to the New York Times WASHINGTON (Reuters) -Elon Musk said Pentagon staff who spoke to reporters at the New York Times should be prosecuted, after the newspaper reported the...",CNBC
2025-03-21,"3 of Goldman Sachs' best investing tips for currently volatile markets Volatile times in markets require precision, Goldman Sachs reminds investors.",CNBC
2025-03-21,"Tesla recalls over 46,096 Cybertrucks for exterior trim issue",CNBC
2025-03-21,1 Wall Street Analyst Thinks Tesla Will Hit $425. Is it a Buy Around $235?,CNBC
2025-03-21,Why one of Wall Street's biggest Tesla bulls is getting cautious,CNBC
2025-03-21,"Tesla springs last-minute public all hands on staffers, confusion ensues",CNBC
2025-03-22,"Tesla investors at a loss as Elon Musk drags down stock price: ‘This time it feels different’ Tesla finds itself in uncharted territory, now that it appears to have lost its aura of infallibility, leaving punters in the dark about its outlook.",CNBC
2025-03-22,Tesla is facing a major problem that could cost it billions — here's why some customers are stepping away from the brand A slowdown in Tesla’s sales could hurt the broader shift to EVs.,CNBC
2025-03-22,"BYD's Denza launches N9 SUV to rival Mercedes, BMW in premium EV segment China's biggest electric vehicle (EV) maker BYD launched its most expensive model under its Denza brand to challenge BMW and Mercedes-Benz in the luxury...",CNBC
2025-03-22,Elon Musk's 9 p.m. all-hands Tesla meeting shows what he can get away with,CNBC
2025-03-23,"As investors hunt for reasons to sell stocks, I'm stepping in to buy — here's why We have all become prisoners of negativity because we don't think anything can go right.",CNBC
2025-03-23,How Much Does It Cost To Charge a Tesla?,CNBC
2025-03-23,Rep. Crockett sets the record straight after a stark warning from AG Pam Bondi on Tesla backlash,CNBC
2025-03-23,"Is Rockwell Automation (ROK) The Stock With The Most Insider Sales In The Last Quarter? We recently published a list of 15 Stocks With The Most Insider Sales In The Last Quarter. In this article, we are going to take a look at where Rockwell...",CNBC
2025-03-23,Tesla vs. Nvidia: Certain Wall Street Analysts Say Buy 1 Stock But Are Split on the Other,CNBC
2025-03-23,"Tesla has $1.4 billion that seems to have gone astray, potentially raising questions about the company’s controls Accounting experts say there are plausible explanations for the discrepancy as Elon Musk tries to rally the EV giant.",CNBC
2025-03-23,4 Things To Watch for as Elon Musk Takes on Social Security Elon Musk's role as an unofficial federal government overseer under President Donald Trump has raised concerns about how that role might impact the Social...,CNBC
2025-03-24,FBI launches Tesla threats task force Tesla CEO Elon Musk and his DOGE team are leading efforts by the Trump administration to drastically cut federal government spending and staff.,CNBC
2025-03-24,"Tesla showroom in Texas targeted with 'incendiary devices', police say",CNBC
2025-03-24,"Tesla rebounds 10% for biggest gain since its post-Election Day pop, following 9-straight weeks of losses Tesla shares on pace for their best day in 2025.",CNBC
2025-03-24,"What's hot in ETFs? Bond funds are in demand as investors flee the Nasdaq 'QQQ' There have been strong inflows into fixed income, especially ultrashort funds. Precious metal funds have seen surprisingly light inflows.",CNBC
2025-03-24,Senators press Trump Social Security nominee on his views about privatizing the agency Fiserv CEO Frank Bisignano is scheduled Tuesday to face senators' questions on his nomination to serve as Social Security commissioner.,CNBC
2025-03-24,South Korea's Hyundai to announce $20 billion U.S. investment Hyundai is the latest major international conglomerate to announce investments ahead of Trump's April 2 tariff deadline.,CNBC
2025-03-24,CNBC Daily Open: Tariff 'flexibility' is not necessarily positive — it also signals uncertainty We will probably not have any clarification on how the reciprocal tariffs will play out until April 2 — provided Trump isn’t also flexible with the start date.,CNBC
2025-03-24,"CNBC Daily Open: Tariff flexibility sounds good, but also signals uncertainty We will probably not have any clarification on how the reciprocal tariffs will play out until April 2 — provided Trump isn’t also flexible with the start date.",CNBC
2025-03-24,"Bitcoin Could Replace Tesla In 'Magnificent 7' To Boost Returns, Reduce Volatility: Standard Chartered",CNBC
2025-03-24,"Tesla Shares Surge Over 10% as Investors Bet on China Self-Driving Push, Eased Trade Tensions",CNBC
2025-03-24,Tesla stock surges nearly 12% to lead 'Magnificent 7' stocks higher as tariff worries ease,CNBC
2025-03-24,"Stock market today: Dow, S&P 500, Nasdaq soar on hopes Trump may dial back next tariff wave Investors welcomed reports that the next wave of President Trump's tariffs will be more targeted than threatened.",CNBC
2025-03-24,"Apple, Tesla Among Stocks to Get Tokenized Via DigiFT's New On-Chain Index Fund",CNBC
2025-03-24,"The year's first major political test in Wisconsin becomes a referendum on Elon Musk The election to fill a Wisconsin Supreme Court seat has become a referendum not only on the new administration, but on Elon Musk, the billionaire who has...",CNBC
2025-03-24,"Tesla's European EV Share Hits 5-Year Low as Rivals Surge Tesla's share of Europe's EV market hit a five-year low amid political backlash, limited models, and new competition",CNBC
2025-03-24,Mag 7 Returns Would Improve With Bitcoin Replacing Tesla: StanChart,CNBC
2025-03-24,Why Tesla Shares Are Jumping Today,CNBC
2025-03-24,"Top Stock Movers Now: Tesla, Nucor, Supermicro, and More",CNBC
2025-03-24,"Tesla jumps as possible tariff leeway, lower share price draw investors",CNBC
2025-03-24,Someone Else Tested Whether a Tesla Will Really Crash Into a Wall Painted Like a Road,CNBC
2025-03-24,"Tesla surges 10%, leads 'Mag 7' stocks higher as tariff worries ease",CNBC
2025-03-24,BYD Just Overtook Tesla--and It's Not Slowing Down,CNBC
2025-03-24,"Nvidia, Palantir, Tesla, MicroStrategy, Bayer, James Hardie, AZEK: Stocks to watch today",CNBC
2025-03-24,"Chinese EV giant BYD surpasses rival Tesla with record 2024 revenue Chinese carmaker BYD saw a surge in revenue last year, surpassing the $100 billion mark and beating rival Tesla as the electric vehicle giant accelerates its...",CNBC
2025-03-24,"BYD Sales Soar Past $100 Billion, Topping Tesla on Revenue",CNBC
2025-03-24,"AI Model Driving Top-Ranked Fund Flashes a Warning on AI Stocks (Bloomberg) -- For years now, way before artificial intelligence became the hot new thing on Wall Street, Daniel Mahr has been making money on stocks...",CNBC
2025-03-24,"Exclusive-Interim SEC chief cast sole vote against suing Musk NEW YORK (Reuters) -Days before Republicans took the helm of the U.S. Securities and Exchange Commission in January, the agency's five commissioners held a...",CNBC
2025-03-24,"In Congress, Republicans steer clear of investing in Trump Media or Tesla",CNBC
2025-03-24,"First-quarter US earnings outlook looks less rosy with tariff worries in focus Analysts are turning more cautious on U.S. corporate earnings for the first quarter of this year, with the Trump administration's policies threatening to...",CNBC
2025-03-24,"Tesla halts driving-assistance software trial in China, pending approval BEIJING (Reuters) -Tesla said on Monday it would release its smart driving-assistance feature in China after completing regulatory approval, following...",CNBC
2025-03-24,Tesla says will release FSD feature in China after software approval,CNBC
2025-03-25,"Stock market today: Live updates U.S. stocks were little changed early Wednesday after the S&P 500 posted a marginal gain, marking its third positive session in a row.",CNBC
2025-03-25,"Waymo will launch Washington, D.C., robotaxi service in 2026 Waymo One currently operates in San Francisco, Los Angeles, Silicon Valley and Phoenix, and is also driving in Austin and Atlanta.",CNBC
2025-03-25,"Chinese EV giant BYD outpaces Tesla with annual sales of more than $100 billion China's BYD reported annual revenue of 777 billion yuan ($107 billion) for 2024, leapfrogging Tesla as competition between the two EV rivals heats up.",CNBC
2025-03-25,5 things to know before the stock market opens Tuesday Here are five key things investors need to know to start the trading day.,CNBC
2025-03-25,"CNBC Daily Open: Trump winks at gentler tariffs, boosting markets Markets rallied Monday, driven by Trump’s hint that countries could get a “break” from reciprocal tariffs.",CNBC
2025-03-25,"China invites U.S. business leaders to Beijing as it tries to gauge Trump's plans China courted the executives of major U.S. businesses this week in a sign of how Beijing seeks to offset trade pressures, rather than retaliate forcefully.",CNBC
2025-03-25,"CNBC Daily Open: Trump hints at softer tariffs, rallying markets Markets rallied Monday, driven by Trump’s hint that countries could get a “break” from reciprocal tariffs.",CNBC
2025-03-25,"Morgan Stanley's near-term rally call: CIO Mike Wilson sees beaten-up Mag 7 stocks as winners Morgan Stanley CIO Mike Wilson contends the recent market weakness ""has nothing to do with tariffs.""",CNBC
2025-03-25,Musk’s War on Delaware Spurs Bill Pushed by Private Equity (Bloomberg) -- The lobbying powerhouse for the US private equity industry has thrown its weight behind a controversial bill to overhaul Delaware’s corporate ...,CNBC
2025-03-25,Delaware was rattled by Big Business moving their legal homes. Here's a look by the numbers Delaware is poised to give corporate officers more protections in its courts against shareholder lawsuits after criticism by billionaire Elon Musk and other ...,CNBC
2025-03-25,"Canada freezes rebate payments to Tesla, bans it from future rebate programs due to tariffs",CNBC
2025-03-25,Tesla Stock Rises for 5th Straight Session—Watch These Key Price Levels,CNBC
2025-03-25,"S&P 500 ekes out a gain despite consumer confidence decline US stocks (^DJI, ^GSPC, ^IXIC) close out the day in the green, amid economic data on consumer confidence and housing. Yahoo Finance's Jared Blikre joins...",CNBC
2025-03-25,Tesla Faces EU Struggles but RBC Sticks to Bullish Outlook on EV Growth,CNBC
2025-03-25,"Stock market today: S&P 500, Nasdaq notch 3rd day of gains as consumer confidence tumbles, Trump tariffs loom Tariff moves continue to remain front and center for investors.",CNBC
2025-03-25,Commentary: Trump's plan to save Tesla Trump may be maneuvering to protect Elon Musk's company Tesla from any tariff pain.,CNBC
2025-03-25,"Gene Munster Predicts 2025 As The Year Of Humanoid Investor Hype, Citing Elon Musk And Jensen Huang's Influence—Tesla, Nvidia, And XPeng Poised To Benefit",CNBC
2025-03-25,Tesla (NasdaqGS:TSLA) Soars 17% in Last Week Despite Flat European Sales,CNBC
2025-03-25,"Tesla bull Cathie Wood says it isn’t just Elon Musk’s politics that are causing Tesla’s ‘demand hit.’ It’s also a bad economy Earlier this week, Wood issued a major bull call on Tesla, expecting its stock to rise roughly 10 times over the next five years.",CNBC
2025-03-25,"Cathie Wood Sticks to $2,600 Tesla Target Despite Sharp 2025 Drop",CNBC
2025-03-25,"Tesla, Trump Media, Xiaomi, Boeing, BYD, Carvana, GameStop, McCormick: Stocks to watch today",CNBC
2025-03-25,"Shopify Takes Steps to Pull In Billions From Passive Funds (Bloomberg) -- Shopify Inc. is making moves that could allow it to enter major stock indexes, which would direct a flood of investor money into shares of the...",CNBC
2025-03-25,Tesla just got even more bad news from Europe,CNBC
2025-03-25,Tesla Europe Sales Crash 40% as Market Share Shrinks Again,CNBC
2025-03-25,"Hyundai to announce $20B investment in U.S., CNBC reports Hyundai (HYMTF) is set to announce a $20B investment in U.S. onshoring that includes a $5B steel plant in Louisiana, people familiar with the plans told...",CNBC
2025-03-25,Kevin O’Leary blasts Tim Walz for cheering Tesla stock slump — says Minnesota state pension plan owns 1.8M shares O’Leary called it “beyond stupid.”,CNBC
2025-03-25,Tesla or Ford: Piper Sandler Selects the Superior Stock to Buy,CNBC
2025-03-25,Tesla's February market share in Europe drops despite EV pickup STORY: Tesla's market share in Europe continued to shrink year-on-year in February.That's what market data showed on Tuesday (March 25).It means sales of the...,CNBC
2025-03-25,1 Unstoppable Stock That Could Beat Tesla to This $14 Trillion Opportunity,CNBC
2025-03-25,"Cathie Wood Sticks With Tesla, Predicts Stock to Hit $2,600",CNBC
2025-03-25,"Stock market today: Dow, S&P 500, Nasdaq futures stall as investors eye Trump's tariff shifts Tariff moves continue to remain front and center for investors.",CNBC
2025-03-25,"Stock market today: Dow, S&P 500, Nasdaq futures rise as investors eye Trump's tariff shifts Tariff moves continue to remain front and center for investors.",CNBC
2025-03-25,Tesla stock has surged since Musk's surprise all-hands meeting as retail investors swarm,CNBC
2025-03-26,"Trump says Tesla CEO Elon Musk didn’t advise on auto tariffs despite DOGE role When asked by reporters whether the new tariffs would be good for Musk's autos business, Tesla, President Donald Trump said they may be ""net neutral or they may be good.""",CNBC
2025-03-26,Cramer tells Nvidia investors to prepare for 'turbulence' CNBC's Jim Cramer on Wednesday opined on declines in the tech sector.,CNBC
2025-03-26,"Tesla shares drop on plunging European sales, concerns about Trump's tariffs Tesla shares slid on Wednesday, continuing their downward trajectory for the year, after a rally over the past few days.",CNBC
2025-03-26,"CNBC Daily Open: Consumers and CFOs alike are expecting a recession in the U.S. Companies like SAP and BYD, despite enjoying a good run so far this year, may be unable to escape the turmoil if the U.S. does fall into recession.",CNBC
2025-03-26,"CNBC Daily Open: Fears of a U.S. recession intensify among consumers and CFOs The U.S. occupies such a central role in the global financial and economic system that if a recession were to happen, it would have widespread repercussions.",CNBC
2025-03-26,"Stock market today: S&P 500, Dow, Nasdaq futures waver as investors weigh Trump's auto tariffs Trump has pushed ahead with hefty auto tariffs, stoking fears over a full-on trade war.",CNBC
2025-03-26,"Tesla, Inc. (TSLA) Stock Gets $450 Price Target as Analyst Dismisses Political Blame for Slump",CNBC
2025-03-26,Man whose Tesla was keyed at DFW Airport files $1 million lawsuit after suspect arrested,CNBC
2025-03-26,"Tesla Forced to Change Name of ""Full Self-Driving"" in China, Since Its Cars Can't Fully Drive Themselves",CNBC
2025-03-26,Tesla Stops FSD Free Trial in China Just One Week After Its Launch,CNBC
2025-03-26,"Nvidia and Tesla Lead Market Sell-Off, Nasdaq Tumbles 1.7%",CNBC
2025-03-26,Hyundai expands EV charging options with Tesla supercharger access,CNBC
2025-03-26,"Rivian Just Launched the Tesla of Micromobility--And It's a Game-Changer Backed by $105M, Rivian's secret spin-off Also is racing to disrupt the urban EV market by 2026.",CNBC
2025-03-26,"X to report first annual ad revenue growth since Musk's takeover, data shows Elon Musk-owned social media platform X is poised for the company's first year of advertising revenue growth since its acquisition by the billionaire in 2022...",CNBC
2025-03-26,Why Tesla Stock Is Sinking Today,CNBC
2025-03-26,Tesla Stock Pares Gains After Best Stretch Since November Election,CNBC
2025-03-26,Why it's Time to Buy Tesla,CNBC
2025-03-26,"Nvidia, Tesla, Dollar Tree, Chewy, GameStop, Nintendo: Stocks to watch",CNBC
2025-03-26,Elon Musk leaves leaves out key question at Tesla all-hands meeting,CNBC
2025-03-26,Over Half of Americans Would Pay More in Taxes To Sustain Social Security as Musk Considers Massive Cuts Americans worried about the future of Social Security under the stewardship of Elon Musk haven't seen those worries ease much lately. The billionaire Tesla...,CNBC
2025-03-26,"Musk is back in the building — the Tesla one: Morning Brief Investors aren't ignoring Tesla's fundamentals, they just believe in Musk's promises.",CNBC
2025-03-26,"The trust problem with 23andMe Also: Russia and Ukraine agree partial ceasefire, cheap AI from China is flooding the world.",CNBC
2025-03-26,Tesla says it will launch in Saudi Arabia next month,CNBC
2025-03-26,"Stock market today: Wall Street slumps as Nvidia, Tesla and other Big Tech stocks drop",CNBC
2025-03-26,"Tesla, Inc. (TSLA) Moves Closer to Robotaxi Future With New California Transportation License We recently published a list of GTC Recap and Beyond: 10 AI Stocks on Investors’ Radar. In this article, we are going to take a look at where Tesla, Inc...",CNBC
2025-03-27,Cramer praises Uber stock: 'I don't think it's done going higher' CNBC's Jim Cramer on Thursday pinpointed Uber as a stock poised to perform well right now.,CNBC
2025-03-27,"Man charged in Molotov cocktail attack on Teslas in Las Vegas The arrest came days after the FBI launched a task force to address attacks on locations  associated with Tesla, whose CEO is DOGE chief Elon Musk.",CNBC
2025-03-27,"Trump's new auto tariffs will likely drive up car prices by thousands of dollars President Donald Trump announced the new auto duties one week before his sweeping ""reciprocal tariff"" plan is set to begin.",CNBC
2025-03-27,Why GM stock is getting hit the hardest by Trump auto tariffs Roughly 30% of GM vehicles sold in the U.S. during the first three quarters of 2024 were assembled in Canada and Mexico.,CNBC
2025-03-27,"GM, Stellantis shares fall after Trump's auto tariff announcement President Donald Trump said he would place 25% tariffs on ""all cars that are not made in the United States.""",CNBC
2025-03-27,"X to report first annual ad revenue growth since Musk's takeover, data shows Elon Musk-owned social media platform X is poised for the company's first year of advertising revenue growth since its acquisition by the billionaire in 2022, data from research firm Emarketer showed on Wednesday.",CNBC
2025-03-27,"Tesla to launch in Saudi Arabia as Musk and the kingdom mend relations Tesla will start sales in Saudi Arabia next month, the electric carmaker said on its website, signaling CEO Elon Musk and the kingdom have healed a rift that dates back to the billionaire's short-lived bid in 2018 to take the company private.",CNBC
2025-03-27,Man arrested for Las Vegas Tesla center fires reported car stolen hours after attack,CNBC
2025-03-27,Fact Check: Tesla rumor claiming mugshot shows man crying after arrest for vandalizing dealership is false,CNBC
2025-03-27,Elon Musk says Trump's auto tariffs won't be a problem for Tesla,CNBC
2025-03-27,"Trump's 25% Auto Tariff Raises Will Put Pressure On Interest Rates, Says Economist — Tesla Investor Gary Black Says President Found 'Further Ways To Push The Economy Into Recession Today' President Donald Trump‘s announcement of a 25% tariff on auto imports has sparked widespread concern among economists and market analysts, with many warning ...",CNBC
2025-03-27,Why Tesla Stock Is Soaring Today,CNBC
2025-03-27,Stocks trim losses as good economic numbers ease recession fears Stocks’ losses eased after data showed the labor market holding up and fourth-quarter economic growth was revised higher. The good news helped temper the...,CNBC
2025-03-27,Why Tesla and CEO Elon Musk don't see Trump's auto tariffs as a problem,CNBC
2025-03-27,Gimme $1 Million: Tesla Owner Sues Man Who Keyed His Car,CNBC
2025-03-27,"Top Stock Movers Now: GM, AutoZone, Tesla, and More",CNBC
2025-03-27,"Shares of GM and other automakers slump following Trump tariffs, with Tesla the exception",CNBC
2025-03-27,"HSBC Slashes Tesla Price Target to $130, Warns of Over 50% Downside",CNBC
2025-03-27,"Trump's auto tariffs will hit many companies, but Elon Musk's Tesla less so As the global auto world reeled from the potential fallout of Donald Trump's new auto tariffs, one name stood out as less affected than others - electric...",CNBC
2025-03-27,"Commerce Secretary Lutnick Promoting Tesla On Fox News: 'We're All Going To Be Buying $30,000 Tesla Robots.' Anyone Who Doesn't Is 'Silly' Commerce Secretary Howard Lutnick is publicly backing Tesla (NASDAQ:TSLA) and its CEO, Elon Musk, on TV, sparking a wave of criticism from ethics experts...",CNBC
2025-03-27,"Trump's New Tariff Plan Could Significantly Affect Tesla, Musk Says",CNBC
2025-03-27,"S&P 500 ends lower as investors digest Trump's auto tariffs (Reuters) -The S&P 500 ended lower on Thursday, as investors grappled with U.S. President Donald Trump's latest trade tariff announcement that hit shares of ...",CNBC
2025-03-27,"China's Xi to meet with BMW, Mercedes, Qualcomm CEOs, sources say The global heads of German automakers BMW and Mercedes, as well as chip giant Qualcomm are among foreign business leaders due to meet with Chinese President ...",CNBC
2025-03-27,"Factbox-Automakers and countries most vulnerable to US auto tariff increase U.S. President Donald Trump on Wednesday followed through on weeks of threats for new tariffs on imported cars, saying a 25% import tax on vehicles not built...",CNBC
2025-03-27,"JLR-parent Tata Motors, Tesla's Indian suppliers skid on US auto tariffs plan Tata Motors slid 5%, while Tesla's biggest Indian supplier, Sona Comstar, dropped over 4%, leading to a 1.2% drop in the auto sector in the world's third...",CNBC
2025-03-27,Musk says impact of auto tariffs on Tesla is 'significant',CNBC
2025-03-27,"Tesla, Inc. (TSLA) Deliveries Fall Short, But Morgan Stanley Says It’s Still an AI Winner We recently published a list of the Top 10 AI Stocks on Investors’ Radar. In this article, we are going to take a look at where Tesla, Inc. (NASDAQ:TSLA...",CNBC
2025-03-27,"US robotics companies push for national strategy, including a central office, to compete with China American robotics companies are pushing for a national robotics strategy, including establishing a federal office focused on promoting the industry at a time...",CNBC
2025-03-28,"Elon Musk says xAI has acquired X in deal that values social media site at $33 billion In a social media post on Friday, Elon Musk said his startup xAI has acquired his social media company X.",CNBC
2025-03-28,"U.S. tech giants are betting big on humanoid robots — but China's already ahead, analysts say American tech giants are increasingly focusing on the humanoid robotics space, but analysts say they're at risk of falling behind China.",CNBC
2025-03-28,"Chinese President Xi Jinping meets with global executives as Beijing focuses on business outreach U.S. President Donald Trump has raised tariffs by 20% on China since January over its alleged role in the U.S. fentanyl crisis, and threatened a swath of new tariffs.",CNBC
2025-03-28,"CNBC Daily Open: Auto tariffs put markets in reverse gear Trump's tariff announcements and, sometimes, walking back on the threats have sent markets on a rollercoaster ride.",CNBC
2025-03-28,"Is Tesla (TSLA) The Mega Cap Stock Gaining Bullish Momentum This Week? We recently published a list of 10 Mega Cap Stocks Gaining Bullish Momentum This Week. In this article, we are going to take a look at where Tesla, Inc...",CNBC
2025-03-28,"Musk's social media firm X bought by his AI company, valued at $33 billion (Reuters) -Elon Musk's xAI has acquired X in a deal that values the social media platform at $33 billion and allows the value of his artificial intelligence ...",CNBC
2025-03-28,"Cathie Wood Reaffirms Tesla $2,600 Target Despite 39% Stock Decline",CNBC
2025-03-28,"Tesla, Nvidia lose ground as markets take a tumble on bad economic news Tesla’s (TSLA) status as the “winner” of President Donald Trump’s new auto tariffs didn’t protect it from a tech-led market selloff on Friday, as the stock...",CNBC
2025-03-28,"High-Conviction Wall Street Bets Unravel in ‘Trump Trade’ Rebuke (Bloomberg) -- Coming into the new presidency the playbook for traders was obvious. Bet it all on a core of America First-linked champions, from Tesla Inc...",CNBC
2025-03-28,"Millionaire Karen Identified As Tesla Vandal A millionaire Karen was recently caught keying a Tesla Model Y in a Seattle area parking lot, the video spreading online until the woman was identified. Now ...",CNBC
2025-03-28,"Musk OUT at DOGE, Plans to Step Down at the End of May as Tesla Dealerships TARGETED, Stock PLUMMITS Judy Kurtz chats with The Hill’s Brett Samuels as Elon Musk indicates he plans to step away from DOGE. What’s next for the billionaire and how attacks on...",CNBC
2025-03-28,Tesla shareholders furious with Elon Musk have 2 main options to advocate for change,CNBC
2025-03-28,Why Shares of Tesla Are Falling to End the Week,CNBC
2025-03-28,The Walls Are Closing in on Tesla,CNBC
2025-03-28,"Is Alzamend Neuro, Inc. (ALZN) the Cheapest Stock Insiders Are Buying In March? We recently published a list of 15 Cheapest Stocks Insiders Are Buying In March. In this article, we are going to take a look at where Alzamend Neuro, Inc. (...",CNBC
2025-03-28,"Tesla Europe Sales Drop 43%, Analysts Predict Model Y Comeback",CNBC
2025-03-28,Tesla announces massive new manufacturing plant in latest call to ramp up battery production: 'This will be ... state-of-the-art',CNBC
2025-03-28,Prediction: 3 Stocks That Could Be Worth More Than Tesla 10 Years From Now,CNBC
2025-03-28,"Did BYD Just Say ""Checkmate"" to Tesla?",CNBC
2025-03-28,"Tesla Stock Is Plunging, but 1 Wall Street Analyst Thinks It Will Soar 855% in the Next 5 Years",CNBC
2025-03-29,"Elon Musk must face Twitter shareholders’ lawsuit over alleged securities fraud A proposed class-action lawsuit against Elon Musk and his family office Excession can proceed in federal court, a judge ruled Friday.",CNBC
2025-03-29,Prediction: This Artificial Intelligence (AI) Company Will Be the Biggest Beneficiary of Self-Driving Vehicles (Hint: It's Not Tesla),CNBC
2025-03-29,"Tesla, Inc. (TSLA): Among the Best Robotics Stocks to Buy According to Billionaires We recently published a list of the 10 Best Robotics Stocks to Buy According to Billionaires. In this article, we are going to take a look at where Tesla...",CNBC
2025-03-29,Protesters rebelling against Elon Musk's purge of US government swarm Tesla showrooms,CNBC
2025-03-29,"Several Tesla cars burn down in the north of Germany STORY: :: Several Tesla cars are burned in Germany's Verden on a day of global anti-Elon Musk protests:: Verden, Germany :: March 29, 2025 It could not be...",CNBC
2025-03-29,Major Tesla stock bull sounds alarm on major problem facing Elon Musk,CNBC
2025-03-29,"Jim Cramer on Elon Musk and Tesla, Inc. (TSLA) Stock: “He’s the biggest celebrity in business history”",CNBC
2025-03-29,"Stellantis to buy CO2 credits from Tesla 'pool' also in 2025, exec says",CNBC
2025-03-29,Analyst reboots Tesla stock price target ahead of deliveries,CNBC
2025-03-29,Elon Musk Says Tesla Doesn't Need Lidar Because 'People Don't Shoot Lasers Out Of Their Eyes' After YouTubers Put His Cars Through Wylie E. Coyote Tests,CNBC
2025-03-29,"Wall Street changes its tune on China as DeepSeek and policy hopes win back investors: ‘Confidence does feel like it’s returned’ “Absolutely [China] is investable,” said Jenny Johnson, CEO of Franklin Templeton, in Hong Kong on Thursday.",CNBC
2025-03-30,"HSBC Cuts Tesla (TSLA) Price Target, Citing Aging Products and China Pressure",CNBC
2025-03-30,"If You Shorted Tesla Stock at the Start of 2025, Here’s How Much You Would’ve Made",CNBC
2025-03-30,"1 Stock to Buy, 1 Stock to Sell This Week: ExxonMobil, General Motors • Trump tariff ""Liberation Day"" and the latest jobs report loom in the week ahead.",CNBC
2025-03-30,Viral video exposes potentially dangerous flaw in crucial Tesla feature: 'Didn't even hit the brakes at all',CNBC
2025-03-30,Leaked documents reveal major changes coming to Tesla: 'A bunch of work ... needs to be done',CNBC
2025-03-30,Why Tesla shouldn't worry about the BYD Sealion 7,CNBC
2025-03-30,Tesla Stock Dropped 50% From Its High. History Says This Will Happen Next.,CNBC
2025-03-30,I attended 2 Tesla Takedown protests in Michigan. The generation that showed up was the one I least expected.,CNBC
2025-03-31,"Trump's tariffs could mean big business for supply chain software startup LightSource LightSource, a supply chain software startup, has raised $33 million in a funding round led by Bain Capital and Lightspeed.",CNBC
2025-03-31,"Tesla plunges 36% in first quarter, worst performance for any period since 2022 Tesla had its third-worst quarter ever in the first three months of the year, a stretch that's corresponded with Elon Musk's time with the Trump administration.",CNBC
2025-03-31,"Elon Musk says people against his DOGE cuts are trying to pressure Tesla to get him to stop Shares of Tesla entered Monday down more than 34% year to date, and the stock has been cut nearly in half from its peak in December.",CNBC
2025-03-31,‘Mother of Elon Musk’s 13th child’ sells Tesla after tech boss ‘reduces child support’,CNBC
2025-03-31,Why Tesla Was One of the Worst-Performing Stocks in the S&P 500 in the First Quarter,CNBC
2025-03-31,"Wall Street closes out bruising quarter as outlook remains murky NEW YORK (Reuters) -As Wall Street draws the curtain on a tumultuous quarter in which stocks logged a record high before tumbling into correction, investors ...",CNBC
2025-03-31,EV maker Lucid is capturing Tesla buyers at a higher rate as its new Gravity SUV hits showrooms EV maker Lucid Motors is seeing the light at the end of the tunnel. And former Tesla buyers may be the reason.,CNBC
2025-03-31,"Stock market today: Dow gains 400 points, stocks reverse losses as markets cap worst quarter since 2022 Uncertainty about the scope of this week's reciprocal tariffs is weighing on already battered markets.",CNBC
2025-03-31,Another US debt downgrade could be coming President Trump and his team say they're managing the federal budget well. Budget hawks disagree.,CNBC
2025-03-31,"Is Tesla, Inc. (TSLA) the Debt Free Halal Stock to Invest in Right Now? We recently published a list of 10 Debt Free Halal Stocks to Invest in Right Now. In this article, we are going to take a look at where Tesla, Inc...",CNBC
2025-03-31,Tesla tops list of 10 most 'American' cars on the market,CNBC
2025-03-31,'#ByeTesla': People are posting videos of their Tesla trade-in to a Taylor Swift song,CNBC
2025-03-31,"Top Stock Movers Now: Tesla, Nvidia, Moderna, and More",CNBC
2025-03-31,"Tesla stock falls amid investor concerns over Trump tariffs, Elon Musk's government ties",CNBC
2025-03-31,Trump's Global Tariff Bombshell Sends Markets Into a Tailspin Liberation Day or Market Meltdown? Investors brace for impact as Trump targets every country with sweeping new tariffs.,CNBC
2025-03-31,"Masked Tesla vandal wrecks Cybertruck, leaves note for homeowner in attack caught on video",CNBC
2025-03-31,Car dealer: 'Afraid' buyers are rushing to purchase cars ahead of tariffs President Trump’s auto tariffs have customers and dealers spooked.,CNBC
2025-03-31,"Ford Stock Rises, Tesla Falls as Trump Says He 'Couldn't Care Less' if Tariffs Raise Prices",CNBC
2025-03-31,Musk Says DOGE Role Is Costing Him as Tesla Shares Slump (Bloomberg) -- Elon Musk acknowledged that his job as head of President Donald Trump’s effort to cut the size of government is “costing me a lot” when it...,CNBC
2025-03-31,"Musk deploys wealth in bid to swing Wisconsin court vote The world's richest man took to the stage in the US state of Wisconsin on Sunday in a bid to swing the local supreme court to the right, with the help of two...",CNBC
2025-04-01,CNBC Daily Open: Stocks had worst quarter in years amid Trump tariff chaos U.S. stocks took a heavy beating in the first quarter of the year. But the second could be much more treacherous.,CNBC
2025-04-01,CNBC Daily Open: Stocks were trounced in the first quarter amid Trump tariff chaos U.S. stocks took a heavy beating during the first quarter of the year. But the second could be much more treacherous.,CNBC
2025-04-01,"Stock market today: S&P 500, Nasdaq, Dow slide as investors brace for Trump's tariff bazooka US stocks tumbled as Wall Street braced for President Trump's announcement of new tariffs that stand to remake the global trade order.",CNBC
2025-04-01,"Stock market today: S&P 500, Nasdaq, Dow rebound as investors brace for Trump's tariff bazooka US stocks rebounded as Wall Street braced for President Trump's announcement of new tariffs that stand to remake the global trade order.",CNBC
2025-04-01,"Stock market today: Dow, S&P 500, Nasdaq futures drift lower as investors brace for Trump's tariff bazooka US stock futures rose as Wall Street braced for President Trump's announcement of new tariffs that stand to remake the global trade order.",CNBC
2025-04-01,"S&P, Nasdaq end higher as stocks gyrate in Trump-tariffs limbo STORY: After a topsy-turvy Tuesday on Wall Street, the Dow ended flat, the S&P 500 added nearly four-tenths of a percent and the Nasdaq gained almost nine...",CNBC
2025-04-01,"Jim Cramer on General Motors Company (NYSE:GM): I’d Rather Have Musk’s EV Company Be Like It We recently published a list of Jim Cramer Discusses These 10 Stocks & Wonders If Trump Will Try Firing The Fed Chairman. In this article, we are going to...",CNBC
2025-04-01,Tesla Stock Climbs Tuesday Ahead of First-Quarter Deliveries Data,CNBC
2025-04-01,"Wells Fargo Doubles Down on Bearish Tesla Forecast, Warns 50% Drop",CNBC
2025-04-01,"GM, Ford report upbeat Q1 retail sales as Trump tariffs loom General Motors and Ford reported upbeat first quarter US sales, just as the threat of tariffs portends pain ahead for the Big Three automakers.",CNBC
2025-04-01,"Jim Cramer on Alphabet (GOOGL): Waymo’s Nowhere as Good as Tesla! We recently published a list of Jim Cramer Says I’m With Trump & Discusses These 12 Stocks. In this article, we are going to take a look at where Alphabet...",CNBC
2025-04-01,Tesla sales tumble again in key European regions,CNBC
2025-04-01,Why Tesla Stock Popped Ahead of First-Quarter Deliveries,CNBC
2025-04-01,Tesla Sales in France Drop 37% in March Amid Continued European Struggles,CNBC
2025-04-01,Tesla (TSLA) Performing Poorly in Multiple Markets,CNBC
2025-04-01,"TSLA stock price today: Tesla sales crater in key Europe markets, but investors shrug",CNBC
2025-04-01,Jim Cramer’s Vision for the Future on Tesla (TSLA): “Not a Car Company – It’s an Intelligence Factory!”,CNBC
2025-04-01,"Why Tesla Inc (TSLA) is Plunging in 2025? We recently published a list of Why These 15 Electric Vehicle Stocks Are Plunging in 2025. In this article, we are going to take a look at where Tesla Inc...",CNBC
2025-04-01,"Why VinFast Auto Ltd (VFS) is Plunging in 2025? We recently published a list of Why These 15 Electric Vehicle Stocks Are Plunging in 2025. In this article, we are going to take a look at where VinFast Auto...",CNBC
2025-04-01,"Why Eaton Corp PLC (ETN) is Plunging in 2025? We recently published a list of Why These 15 Electric Vehicle Stocks Are Plunging in 2025. In this article, we are going to take a look at where Eaton Corp...",CNBC
2025-04-01,"Why Eve Holding Inc (EVEX) is Plunging in 2025? We recently published a list of Why These 15 Electric Vehicle Stocks Are Plunging in 2025. In this article, we are going to take a look at where Eve Holding ...",CNBC
2025-04-01,"Why ON Semiconductor Corp (ON) is Plunging in 2025? We recently published a list of Why These 15 Electric Vehicle Stocks Are Plunging in 2025. In this article, we are going to take a look at where ON...",CNBC
2025-04-01,"Why LiveWire Group Inc (LVWR) is Plunging in 2025? We recently published a list of Why These 15 Electric Vehicle Stocks Are Plunging in 2025. In this article, we are going to take a look at where LiveWire...",CNBC
2025-04-01,"Why KULR Technology Group Inc (KULR) is Plunging in 2025? We recently published a list of Why These 15 Electric Vehicle Stocks Are Plunging in 2025. In this article, we are going to take a look at where KULR...",CNBC
2025-04-01,"Stock market today: Dow, S&P 500, Nasdaq drop in countdown to Trump's tariff reveal US stocks fell as President Trump's deadline to impose reciprocal tariffs on US trading partners creeps closer.",CNBC
2025-04-01,"Tesla Short Position Now 4th Largest, Trails NVDA, MSFT, AAPL",CNBC
2025-04-01,New data suggest things are about to get worse for Tesla,CNBC
2025-04-01,"Tesla, Nvidia, CoreWeave, Calvin Klein parent PVH, XPeng: Stocks to watch today",CNBC
2025-04-01,"Here are JDP Capital Management’s Views on Tesla (TSLA) JDP Capital Management, an investment management company, released its fourth quarter 2024 investor letter. A copy of the letter can be downloaded here. 2024...",CNBC
2025-04-01,Warren Buffett Acquires Elon Musk’s Tesla for $1 Trillion in Cash,CNBC
2025-04-01,"Spotify (SPOT) Rose 148% in 2024 JDP Capital Management, an investment management company, released its fourth quarter 2024 investor letter. A copy of the letter can be downloaded here. 2024...",CNBC
2025-04-01,Elon Musk Gives a Free Tesla to Every Member of Congress,CNBC
2025-04-01,Pam Bondi says she wants 20 years in prison for Colorado man accused of firebombing Tesla dealership,CNBC
2025-04-01,"Mark Cuban Says, If They Replaced Elon Musk With Him, He's Still Try to Make Government Smaller By 'Cutting A Lot Of People' Billionaire entrepreneur Mark Cuban says he doesn't need a political title to shake up big systems—and if he were ever asked to replace Elon Musk in running ...",CNBC
2025-04-02,Asia markets live: Stocks set to fall The White House told CNBC’s Eamon Javers that the true tariff rate on Beijing under this Trump term is 54%.,CNBC
2025-04-02,"Treasury Secretary Bessent says market woes are more about tech stock sell-off than Trump's tariffs ""The Nasdaq peaked on DeepSeek day so that's a Mag 7 problem, not a MAGA problem,"" Bessent said.",CNBC
2025-04-02,Apple leads drop in tech stocks after Trump tariff announcement Tech stocks fell after hours on Wednesday following President Trump's announcement of reciprocal tariffs.,CNBC
2025-04-02,"Stock market today: live updates Trump tariffs Wednesday saw further volatility roil markets as tensions ran high ahead of Trump's announcement, but stocks ultimately ended the session in the green.",CNBC
2025-04-02,"Trump told Cabinet that Elon Musk will leave administration in coming months President Trump told reporters this week that DOGE chief Elon Musk has done an ""amazing"" job, but noted that the Tesla CEO has ""got a big company to run.""",CNBC
2025-04-02,Tesla shares rise on unconfirmed report Elon Musk could be leaving DOGE post soon Tesla shares rose after Politico reported that CEO Elon Musk could leave his post at the so-called Department of Government Efficiency.,CNBC
2025-04-02,"Tesla reports 336,000 vehicle deliveries in first quarter, 13% drop from a year ago Tesla reported a 13% year-over-year drop in first-quarter deliveries two days after the company's stock wrapped up its worst quarter since 2022.",CNBC
2025-04-02,"Tesla China-made EV sales fall 11.5% in March as competition rises The U.S. carmaker is facing a headwinds in China, in particular mounting challenges from local rivals like BYD.",CNBC
2025-04-02,Tesla stock jumps on a report Elon Musk could soon be out of the White House,CNBC
2025-04-02,"Elon Musk's Father Defends Tesla, Says Son Is 'Doing The Right Thing' And The Stock Would Recover To $600 By 2025 End: Here's What Analysts Think About TSLA",CNBC
2025-04-02,Tesla Jumps 5% as Reports Suggest Musk Could Exit Government Role Tesla Stock Climbs as Musk's Return to Full-Time CEO Role Gains Traction,CNBC
2025-04-02,Why Tesla deliveries are much worse than expected,CNBC
2025-04-02,Warren Buffett’s bet on BYD keeps paying off as Tesla car sales plunge,CNBC
2025-04-02,Tesla stock soars as Elon Musk's time at DOGE nears an end,CNBC
2025-04-02,Sweden's $80B Giant Just Dumped Tesla -- Here's Why It Could Spark a Bigger Investor Revolt,CNBC
2025-04-02,"Treasury Yields Rebound With Europe’s Before Tariff Unveiling (Bloomberg) -- US government bonds erased gains that sent the five-year Treasury note’s yield to the lowest level since October, led by rising European...",CNBC
2025-04-02,"Tesla Shares Drop After Q1 Deliveries Miss Analyst Expectations The company delivered 336,681 vehicles, down from 386,810 in Q1 2024.",CNBC
2025-04-02,"Top Stock Movers Now: Tesla, DoorDash, BlackBerry, and More",CNBC
2025-04-02,Tesla stock rises on report Musk might step back from Trump admin. Shares of Tesla (TSLA) started moving higher following a Politico report that Elon Musk will be stepping away from his role in the administration soon...,CNBC
2025-04-02,Tesla stock pops after report Musk will step back from government role 'in the coming weeks',CNBC
2025-04-02,"Tesla just reported its worst quarterly sales in years as Elon Musk courts controversy Tesla (TSLA) delivered slightly more than 336,000 electric vehicles between January and March, far below Wall Street’s already low expectations",CNBC
2025-04-02,Tesla sales plunge after Elon Musk backlash,CNBC
2025-04-02,"Political Anger at Musk, TSLA Likely to “Fade” Over Longer Term, Well-Known Analyst Says Speaking on CNBC yesterday, before Tesla (TSLA) announced lower-than-expected deliveries for the first quarter today, Deepwater analyst Gene Munter predicted...",CNBC
2025-04-02,New Street's Ferragu Still Bullish on Tesla,CNBC
2025-04-02,Tesla sales tumble to weakest since 2022 amid Musk backlash,CNBC
2025-04-02,"Tesla Sales Drop 13% to Almost Three-Year Low Tough times for Tesla continue as the Elon Musk owned automaker reports a sales drop of 13% in the last quarter. It delivered 336,681 vehicles in the first...",CNBC
2025-04-02,"Tesla, Newsmax, Big Tech: Stocks to watch today",CNBC
2025-04-02,Tesla stock drops as Q1 deliveries miss Wall Street estimates,CNBC
2025-04-02,"Tesla sales drop in first quarter as Elon Musk backlash, aging models hurt demand",CNBC
2025-04-02,Tesla Stock Slips as Q1 Deliveries Fall Short of Estimates,CNBC
2025-04-02,"Tesla (TSLA) Is Poised for a Big Comeback, Professional Investor Says “Tesla (stock) is a great buy,” and many investors will ultimately be very eager to buy Tesla’s (TSLA) shares, Christopher Gersch, CEO of Altimus Capital...",CNBC
2025-04-02,Tesla owner traded in his car because he’s ‘embarrassed to drive it’ — how to manage auto disputes,CNBC
2025-04-02,Trump Says He’s Buying a Tesla Amid Boycotts — Is It Time To Invest?,CNBC
2025-04-02,"Incredible footage shows Batmobile-like flying car soaring above traffic: 'It will be a moment similar to the Wright Brothers' Kitty Hawk video' ""New transportation is possible.""",CNBC
2025-04-02,Tesla quarterly sales plunge as Musk backlash grows,CNBC
2025-04-02,Wells Fargo sees 5 reasons investors should brace for Tesla stock to drop another 50%,CNBC
2025-04-02,"Stock market today: Asian shares mostly decline ahead of Trump's latest tariffs Asian shares were mostly falling Wednesday, shaken by jitters over what President Donald Trump  will announce about tariffs on what he referred to as...",CNBC
2025-04-03,Tech stocks sink after Trump tariff rollout — Apple heads for worst drop in 5 years Technology stocks plummeted Thursday after President Donald Trump's new tariff policies sparked widespread market panic.,CNBC
2025-04-03,Trump’s 25% auto tariffs are in effect. What investors need to know CNBC breaks down what investors should know about how the additional levies will impact individual vehicles and automakers.,CNBC
2025-04-03,CNBC Daily Open: Trump’s merciless tariffs could reshape the global economy and markets To call Trump’s tariff plan a seismic shift in the economic and financial world order might be an understatement.,CNBC
2025-04-03,"Xiaomi delivers record cars in March as winners emerge in China's EV race Chinese electric vehicle startups Xiaomi, Xpeng and Leapmotor each reported in March delivery volumes that were roughly double of their startup competitors.",CNBC
2025-04-03,CNBC Daily Open: Trump shows no mercy with his tariffs — and stocks suffer To call Trump’s tariff plan a seismic shift in the economic and financial world order might be an understatement.,CNBC
2025-04-03,Jim Cramer Says ‘There’s Nothing Magnificent’ About Tesla (TSLA),CNBC
2025-04-03,"Lyft, Best Buy, BJ's Wholesale, RH: Trending tickers There are a number of stocks that received upgrades and downgrades. BofA Securities double-downgraded Lyft (LYFT), while Citi upgraded BJ's Wholesale (BJ...",CNBC
2025-04-03,"Apple sheds $300 billion in tariff-fueled sell-off, on track for worst drop since March 2020 The tariff-fueled sell-off has erased $800 billion from Magnificent Seven stocks.",CNBC
2025-04-03,Elon Musk Out. Tesla Shaken. Washington Relieved.,CNBC
2025-04-03,Analyst Bullish on Tesla (TSLA) ‘If You Take Musk Out of the Equation’,CNBC
2025-04-03,"Tesla Shares Slide After Weak Deliveries, Tariff Pressure, and Musk's Government Role Under Scrutiny",CNBC
2025-04-03,"Wedbush: Apple, Tesla, Nvidia in Crosshairs as Tariff Fallout Hits Markets",CNBC
2025-04-03,"Tesla reported ‘big bust’ to start 2025, says Wells Fargo",CNBC
2025-04-03,Wedbush says Tesla needs to ‘navigate brand crisis or else’,CNBC
2025-04-03,"Tesla Q1 sales hurt by Musk’s ‘polarizing politics,’ says Cantor Fitzgerald",CNBC
2025-04-03,"Tesla Q1 delivery miss sets up ‘challenging path,’ says Barclays",CNBC
2025-04-03,"Stock market today: S&P 500, Nasdaq plunge, Dow drops 1,400 points as Trump's tariffs shock markets US stocks plunged after President Trump announced a baseline 10% tariff on all US trading partners, sending shockwaves through markets and the global trade...",CNBC
2025-04-03,"5 Stocks That Plunged In March: Should You Swoop In To Buy In April? Stocks have been off to a rough start due to DeepSeek fears and tariff concerns. A bunch of stocks plunged in March, but some of those drops present long...",CNBC
2025-04-03,Apple leads decline in tech stocks after Trump announces sweeping new tariffs Trump’s sweeping tariffs have sent tech stocks tumbling.,CNBC
2025-04-03,"Tesla, Inc. (TSLA): The Best Climate Change Stock to Buy Now We recently published a list of 10 Best Climate Change Stocks to Buy Now. In this article, we will look at where Tesla, Inc. (NASDAQ:TSLA) stands against...",CNBC
2025-04-03,"If You'd Invested $10,000 in Tesla Stock 10 Years Ago, Here's How Much You'd Have Today",CNBC
2025-04-03,From Growth Story to Brand Risk: Reassessing Tesla,CNBC
2025-04-03,"The Latest: Key US trading partners and global officials react to Trump's new tariffs The new tariffs announced Wednesday by U.S. President Donald Trump were met initially with measured reactions from key trading partners, highlighting the...",CNBC
2025-04-04,"Trump extends TikTok deadline for the second time President Donald Trump extended a deadline requiring China-based ByteDance to sell U.S. TikTok operations, marking second time Trump taken such an action.",CNBC
2025-04-04,"Technology stocks fall for a second session after Trump tariffs, led by Tesla and Nvidia Technology stocks fell for a second day Friday as retaliatory tariffs from China fueled fears of a global trade war.",CNBC
2025-04-04,"As Microsoft turns 50, Nadella sees future success built on ability to 'win the new' Microsoft is in a strong position 50 years into its existence, but regulations and competitive pressures in artificial intelligence challenge future growth.",CNBC
2025-04-04,Analyst on Tesla (TSLA): Democrats Getting ‘Turned Off’ By Elon Musk’s ‘Antics’,CNBC
2025-04-04,"Nvidia, Tesla stocks plunge, leading another 'Magnificent 7' sell-off as a trade war intensifies",CNBC
2025-04-04,"Nvidia, Apple, Tesla stocks plunge, leading another 'Magnificent 7' sell-off as a trade war intensifies",CNBC
2025-04-04,Tesla Faces 'Unprecedented Brand Damage',CNBC
2025-04-04,Bloomington Tesla vandalism suspect not facing charges: Police,CNBC
2025-04-04,"Analyst Cuts Tesla (TSLA) Price Target Amid ‘Commoditized” FSD Product We recently published a list of 10 Stocks Everyone is Talking About After Trump’s New Tariffs. In this article, we are going to take a look at where Tesla...",CNBC
2025-04-04,"Retail investors buy stocks at largest level in 10 years, JPMorgan says Retail investors bought $4.7 billion in stocks on Thursday, the highest level over the past decade, JPMorgan said in a note on Friday.  The historic ""buy-to-...",CNBC
2025-04-04,"Tech, bank stocks bear the brunt as China retaliates to Trump tariffs (Reuters) -     U.S. tech heavyweights, banks and oil majors extended losses on Friday after Beijing retaliated with additional duties of 34% on U.S. goods, ...",CNBC
2025-04-04,"New electric vehicle model just rapidly outsold Tesla — here's why its flying off of lots ""What is clear is that government carrots and sticks are working.""",CNBC
2025-04-04,New report reveals 'outrageous' issue with Tesla Model 3s: 'We have no reason to believe [newer models] will differ significantly',CNBC
2025-04-04,"Morning Bid: 'Magnificent' bear It's Friday, so today I'll provide a quick overview of what's happening in global markets and then offer you some weekend reading suggestions away from the...",CNBC
2025-04-04,"Tesla Delivery Numbers Q1 2025: What Investors Need to Know Tesla's first-quarter deliveries slumped to 336,000 compared to 387,000 in the first quarter of 2024, a 13% drop. Meanwhile, it produced 362,615 cars for a -...",CNBC
2025-04-04,"Musk Needs To 'Navigate Brand Crisis Or Else,' Warns Analyst, Tesla 'Delivery Number Was A Disaster For The Bulls' A Tesla Inc (NASDAQ:TSLA) analyst sees the electric vehicle company at a pivotal moment in the company's history after reporting weaker-than-expected first...",CNBC
2025-04-04,Analysis-Tesla investors brace for another year of sales decline as Musk backlash grows,CNBC
2025-04-05,"Zuckerberg, Bezos and Musk each lose more than $23 billion after Trump tariffs spark market meltdown President Trump's recent tariff announcement sent U.S. markets into a nosedive, triggering losses in net worth for Elon Musk, Jeff Bezos and Mark Zuckerberg.",CNBC
2025-04-05,"Tesla's June robotaxi deadline looms as political backlash builds over Elon Musk CNBC took multiple rides with Tesla owners using Full Self-Driving (Supervised), experiencing its strengths, weaknesses and ongoing evolution.",CNBC
2025-04-05,"Silicon Valley's early return on Trump investment: Plunging valuations, delayed IPOs With the Nasdaq closing its worst week since the Covid pandemic and several tech companies delaying IPOs, Silicon Valley's Trump bet is looking shaky.",CNBC
2025-04-05,Why some EV researchers are skeptical of BYD's fast charging tech Increasingly dominant Chinese EV maker BYD's new 5-minute EV charging technology might be a breakthrough. But experts say there's reason to temper enthusiasm.,CNBC
2025-04-05,"Jim Cramer on Ford (F): ‘Ford’s Barely Down – They’re Gonna Have a Great Month’ We recently published a list of Jim Cramer Shares Stocks To Buy During Tariffs & Discusses These 10 Names. In this article, we are going to take a look at...",CNBC
2025-04-05,"Musk says he hopes for ‘zero’ tariffs between US and Europe STORY: :: Musk says he hopes for a ‘zero-tariff situation’ between Europe and the U.S. at an Italian conference :: Elon Musk, Tesla CEO'Well, I hope that the...",CNBC
2025-04-05,Jim Cramer on Tesla (TSLA): ‘You Gotta Rely on the Tech Side – Auto Pain Isn’t Over’,CNBC
2025-04-05,"Tesla, Inc. (TSLA): Among Stocks That Will Profit From AI",CNBC
2025-04-05,Dave Ramsey's Blunt Advice To Aunt Who Won't Sell $650K In Tesla Stock Over Tax Fears: 'You're Going To Have Taxes. Welcome To Making Money.',CNBC
2025-04-05,New electric vehicle feature could soon give Tesla a run for its money — here's why it's gaining attention,CNBC
2025-04-05,"Say Hello to Elon Musk's Modest $50,000 Primary Home — and Goodbye to the California Mansions He Sold Elon Musk is the richest person in the world, so, naturally, he must have multiple properties worth millions of dollars, right? Not anymore. The Tesla CEO...",CNBC
